INITIALIZATION
CREATE TABLE JOIN_TABLE_1(ID INT, NAME CHAR);
SUCCESS
CREATE TABLE JOIN_TABLE_2(ID INT, NUM INT);
SUCCESS
CREATE TABLE JOIN_TABLE_3(ID INT, NUM2 INT);
SUCCESS
CREATE TABLE JOIN_TABLE_EMPTY_1(ID INT, NUM_EMPTY_1 INT);
SUCCESS
CREATE TABLE JOIN_TABLE_EMPTY_2(ID INT, NUM_EMPTY_2 INT);
SUCCESS

INSERT INTO JOIN_TABLE_1 VALUES (1, 'A');
SUCCESS
INSERT INTO JOIN_TABLE_1 VALUES (2, 'B');
SUCCESS
INSERT INTO JOIN_TABLE_1 VALUES (3, 'C');
SUCCESS
INSERT INTO JOIN_TABLE_2 VALUES (1, 2);
SUCCESS
INSERT INTO JOIN_TABLE_2 VALUES (2, 15);
SUCCESS
INSERT INTO JOIN_TABLE_3 VALUES (1, 120);
SUCCESS
INSERT INTO JOIN_TABLE_3 VALUES (3, 800);
SUCCESS

1. SELECT
SELECT * FROM JOIN_TABLE_1 INNER JOIN JOIN_TABLE_2 ON JOIN_TABLE_1.ID=JOIN_TABLE_2.ID;
1 | A | 1 | 2
2 | B | 2 | 15
JOIN_TABLE_1.ID | JOIN_TABLE_1.NAME | JOIN_TABLE_2.ID | JOIN_TABLE_2.NUM
SELECT JOIN_TABLE_1.NAME FROM JOIN_TABLE_1 INNER JOIN JOIN_TABLE_2 ON JOIN_TABLE_1.ID=JOIN_TABLE_2.ID;
A
B
JOIN_TABLE_1.NAME
SELECT JOIN_TABLE_2.NUM FROM JOIN_TABLE_1 INNER JOIN JOIN_TABLE_2 ON JOIN_TABLE_1.ID=JOIN_TABLE_2.ID;
15
2
JOIN_TABLE_2.NUM
SELECT * FROM JOIN_TABLE_1 INNER JOIN JOIN_TABLE_2 ON JOIN_TABLE_1.ID=JOIN_TABLE_2.ID INNER JOIN JOIN_TABLE_3 ON JOIN_TABLE_1.ID=JOIN_TABLE_3.ID;
1 | A | 1 | 2 | 1 | 120
JOIN_TABLE_1.ID | JOIN_TABLE_1.NAME | JOIN_TABLE_2.ID | JOIN_TABLE_2.NUM | JOIN_TABLE_3.ID | JOIN_TABLE_3.NUM2
SELECT * FROM JOIN_TABLE_1 INNER JOIN JOIN_TABLE_2 ON JOIN_TABLE_1.ID=JOIN_TABLE_2.ID AND JOIN_TABLE_2.NUM>13 WHERE JOIN_TABLE_1.NAME='B';
2 | B | 2 | 15
JOIN_TABLE_1.ID | JOIN_TABLE_1.NAME | JOIN_TABLE_2.ID | JOIN_TABLE_2.NUM
SELECT * FROM JOIN_TABLE_1 INNER JOIN JOIN_TABLE_2 ON JOIN_TABLE_1.ID=JOIN_TABLE_2.ID AND JOIN_TABLE_2.NUM>13 WHERE JOIN_TABLE_1.NAME='A';
JOIN_TABLE_1.ID | JOIN_TABLE_1.NAME | JOIN_TABLE_2.ID | JOIN_TABLE_2.NUM
SELECT * FROM JOIN_TABLE_1 INNER JOIN JOIN_TABLE_2 ON JOIN_TABLE_1.ID=JOIN_TABLE_2.ID AND JOIN_TABLE_2.NUM>23 WHERE JOIN_TABLE_1.NAME='B';
JOIN_TABLE_1.ID | JOIN_TABLE_1.NAME | JOIN_TABLE_2.ID | JOIN_TABLE_2.NUM

3. EMPTY
SELECT * FROM JOIN_TABLE_1 INNER JOIN JOIN_TABLE_EMPTY_1 ON JOIN_TABLE_1.ID=JOIN_TABLE_EMPTY_1.ID;
JOIN_TABLE_1.ID | JOIN_TABLE_1.NAME | JOIN_TABLE_EMPTY_1.ID | JOIN_TABLE_EMPTY_1.NUM_EMPTY_1
SELECT * FROM JOIN_TABLE_EMPTY_1 INNER JOIN JOIN_TABLE_1 ON JOIN_TABLE_EMPTY_1.ID=JOIN_TABLE_1.ID;
JOIN_TABLE_EMPTY_1.ID | JOIN_TABLE_EMPTY_1.NUM_EMPTY_1 | JOIN_TABLE_1.ID | JOIN_TABLE_1.NAME
SELECT * FROM JOIN_TABLE_EMPTY_1 INNER JOIN JOIN_TABLE_EMPTY_2 ON JOIN_TABLE_EMPTY_1.ID = JOIN_TABLE_EMPTY_2.ID;
JOIN_TABLE_EMPTY_1.ID | JOIN_TABLE_EMPTY_1.NUM_EMPTY_1 | JOIN_TABLE_EMPTY_2.ID | JOIN_TABLE_EMPTY_2.NUM_EMPTY_2
SELECT * FROM JOIN_TABLE_1 INNER JOIN JOIN_TABLE_2 ON JOIN_TABLE_1.ID = JOIN_TABLE_2.ID INNER JOIN JOIN_TABLE_EMPTY_1 ON JOIN_TABLE_1.ID=JOIN_TABLE_EMPTY_1.ID;
JOIN_TABLE_1.ID | JOIN_TABLE_1.NAME | JOIN_TABLE_2.ID | JOIN_TABLE_2.NUM | JOIN_TABLE_EMPTY_1.ID | JOIN_TABLE_EMPTY_1.NUM_EMPTY_1
SELECT * FROM JOIN_TABLE_EMPTY_1 INNER JOIN JOIN_TABLE_1 ON JOIN_TABLE_EMPTY_1.ID=JOIN_TABLE_1.ID INNER JOIN JOIN_TABLE_2 ON JOIN_TABLE_1.ID=JOIN_TABLE_2.ID;
JOIN_TABLE_EMPTY_1.ID | JOIN_TABLE_EMPTY_1.NUM_EMPTY_1 | JOIN_TABLE_1.ID | JOIN_TABLE_1.NAME | JOIN_TABLE_2.ID | JOIN_TABLE_2.NUM

